rank,username,attempts,pct_of_total
1,ADMINISTRATOR,626394,57.2676
2,ADMIN,97482,8.9122
3,USER,73206,6.6928
4,BACKUP,26720,2.4429
5,SYSTEM,26706,2.4416
6,SERVER,26637,2.4353
7,ADMINISTRADOR,25076,2.2926
8,Administrator,11430,1.0450
9,PC,5438,0.4972
10,ROOT,4584,0.4191
11,MANAGER,4538,0.4149
12,1,4530,0.4142
13,TEST,4300,0.3931
14,SCANNER,3476,0.3178
15,SCAN,3455,0.3159
16,SYSTEM32,3314,0.3030
17,DELL,3290,0.3008
18,SUPPORT,3247,0.2969
19,DEMO,3229,0.2952
20,OFFICE,3227,0.2950
21,TEMP,3226,0.2949
22,COMPUTER,3223,0.2947
23,MYPC,3223,0.2947
24,WORK,3215,0.2939
25,WINDOWS,3214,0.2938
26,HOME,3211,0.2936
27,STUDIO,3211,0.2936
28,WALLET,3211,0.2936
29,XEON,3211,0.2936
30,HP,1988,0.1818
31,USER1,1580,0.1445
32,АДМИНИСТРАТОР,1468,0.1342
33,ADMINISTRATEUR,1349,0.1233
34,ADMIN2,1334,0.1220
35,ADMIN1,1333,0.1219
36,SERVER1,1315,0.1202
37,USER2,1311,0.1199
38,OPERATOR,1309,0.1197
39,Admin,998,0.0912
40,administrator,448,0.0410
41,administrador,406,0.0371
42,administrateur,406,0.0371
43,server,406,0.0371
44,serveur,406,0.0371
45,servidor,406,0.0371
46,GUEST,253,0.0231
47,ISLA,108,0.0099
48,LILY,108,0.0099
49,REMOTE,93,0.0085
50,EMMA,90,0.0082
51,GRACE,90,0.0082
52,SOPHIE,90,0.0082
53,A,83,0.0076
54,JACOB,78,0.0071
55,LENOVO,78,0.0071
56,LOGAN,72,0.0066
57,MASON,72,0.0066
58,THEO,72,0.0066
59,ALFIE,66,0.0060
60,ARCHIE,66,0.0060
61,CLOUDBASE-ADMIN,66,0.0060
62,DEFAULTACCOUNT,66,0.0060
63,OLIVIA,66,0.0060
64,NEWUSER2,62,0.0057
65,ELLA,54,0.0049
66,NOAH,54,0.0049
67,GEORGE,49,0.0045
68,JACK,49,0.0045
69,AMELIA,48,0.0044
70,ARTHUR,48,0.0044
71,CHLOE,48,0.0044
72,ETHAN,48,0.0044
73,FREDDIE,48,0.0044
74,FREYA,48,0.0044
75,HARRY,48,0.0044
76,LUCAS,48,0.0044
77,SIENNA,48,0.0044
78,THOMAS,48,0.0044
79,WILLIAM,48,0.0044
80,ALICE,42,0.0038
81,CHARLOTTE,42,0.0038
82,DAISY,42,0.0038
83,FINN,42,0.0038
84,JUDE,42,0.0038
85,POPPY,42,0.0038
86,RUBY,42,0.0038
87,USUARIO,39,0.0036
88,ПОЛЬЗОВАТЕЛЬ,35,0.0032
89,ALBIE,30,0.0027
90,CHARLIE,30,0.0027
91,FINLEY,30,0.0027
92,H1DD3NADM1N,30,0.0027
93,HENRY,30,0.0027
94,JAMES,30,0.0027
95,OLIVER,30,0.0027
96,OSCAR,30,0.0027
97,POSTGRES,30,0.0027
98,TESTUSER,28,0.0026
99,RYAN,27,0.0025
100,SAMUEL,27,0.0025
101,MH,26,0.0024
102,BETH,25,0.0023
103,ADELAIDE,24,0.0022
104,ALEXANDER,24,0.0022
105,BENJAMIN,24,0.0022
106,CALEB,24,0.0022
107,CHARLES,24,0.0022
108,CLARA,24,0.0022
109,DANIEL,24,0.0022
110,DB2ADMIN,24,0.0022
111,EDEN,24,0.0022
112,ELARA,24,0.0022
113,ELIZA,24,0.0022
114,EMILY,24,0.0022
115,ESME,24,0.0022
116,EVIE,24,0.0022
117,FLORENCE,24,0.0022
118,GEORGIA,24,0.0022
119,HANNAH,24,0.0022
120,HARRIET,24,0.0022
121,HARRISON,24,0.0022
122,HEIDI,24,0.0022
123,ISABELLA,24,0.0022
124,JACKSON,24,0.0022
125,JESSICA,24,0.0022
126,JORDAN,24,0.0022
127,JOSEPH,24,0.0022
128,LAURA,24,0.0022
129,LIAM,24,0.0022
130,LUCY,24,0.0022
131,LUNA,24,0.0022
132,MABEL,24,0.0022
133,MATILDA,24,0.0022
134,MAYA,24,0.0022
135,MEGAN,24,0.0022
136,MILLE,24,0.0022
137,MOLLY,24,0.0022
138,OLIVE,24,0.0022
139,PHOEBE,24,0.0022
140,ROSIE,24,0.0022
141,SOPHIA,24,0.0022
142,SYSTEMAS,24,0.0022
143,WILLOW,24,0.0022
144,HOST3A0,21,0.0019
145,SYSTEME,20,0.0018
146,DBUSER,19,0.0017
147,INFORMIX,19,0.0017
148,ARLO,18,0.0016
149,AXEL,18,0.0016
150,OTTO,18,0.0016
151,RAFE,18,0.0016
152,ROSE,18,0.0016
153,ASPNET,17,0.0016
154,OLDADMINISTRATOR,17,0.0016
155,SERVICES,17,0.0016
156,IT,16,0.0015
157,INFO,15,0.0014
158,VAGRANT,15,0.0014
159,BGSYSTEM,14,0.0013
160,FTPUSER,14,0.0013
161,IRFAN,14,0.0013
162,KBTGT,14,0.0013
163,LOGMEINREMOTEUSER,14,0.0013
164,MARIA,14,0.0013
165,PRAXIS,14,0.0013
166,SYSTEMS,14,0.0013
167,TESTE,14,0.0013
168,USER3,14,0.0013
169,VHOST,14,0.0013
170,AUDITOR,13,0.0012
171,MASTER,13,0.0012
172,ACCOUNT,12,0.0011
173,ADS_AGENT,12,0.0011
174,ADSUSER,12,0.0011
175,BJIS,12,0.0011
176,CONTENTSERV,12,0.0011
177,CTB_ADMIN,12,0.0011
178,DBADMIN,12,0.0011
179,DDIC,12,0.0011
180,DEVELOPER,12,0.0011
181,EARLYWATCH,12,0.0011
182,FATEH,12,0.0011
183,IDEADM,12,0.0011
184,MANTAS,12,0.0011
185,MICO,12,0.0011
186,MIHAEL,12,0.0011
187,NEGOZIO5,12,0.0011
188,PI,12,0.0011
189,RICO,12,0.0011
190,SADRAQUE,12,0.0011
191,SERVICE,12,0.0011
192,HR,11,0.0010
193,LOCALADMIN,11,0.0010
194,NEWUSER,11,0.0010
195,NICK,11,0.0010
196,ORACLE,11,0.0010
197,SIDE,11,0.0010
198,Test,11,0.0010
199,YY,11,0.0010
200,Z,11,0.0010
201,ADMINS,10,0.0009
202,ANHBA,10,0.0009
203,HSTORERDP,10,0.0009
204,INVIT,10,0.0009
205,MICHELE,10,0.0009
206,MOHAMED,10,0.0009
207,OPENPGSVC,10,0.0009
208,SHIPPING,10,0.0009
209,SQLADMIN,10,0.0009
210,SYSADMIN,10,0.0009
211,SYSTEM16,10,0.0009
212,systeme,10,0.0009
213,TERMINAL,10,0.0009
214,VIDEO,10,0.0009
215,WDAGUTILITYACCOUNTS,10,0.0009
216,WINDOWS32,10,0.0009
217,WDAGUTILITYACCOUNT,9,0.0008
218,ALMOXARIFADO,8,0.0007
219,ANSIBLE,8,0.0007
220,AZUREUSER,8,0.0007
221,CAMPAIGNS,8,0.0007
222,COMPRAS,8,0.0007
223,CONVIDADO,8,0.0007
224,EC2-USER,8,0.0007
225,GOŚĆ,8,0.0007
226,INVITADO,8,0.0007
227,INVITÉ,8,0.0007
228,J2EE_ADMIN,8,0.0007
229,KRBRTGT,8,0.0007
230,MYSQL,8,0.0007
231,PUPPET,8,0.0007
232,SAP*,8,0.0007
233,SAPCPIC,8,0.0007
234,SAPJSF,8,0.0007
235,SAPR3,8,0.0007
236,SAPSUPPORT,8,0.0007
237,SMD_ADMIN,8,0.0007
238,SMD_AGT,8,0.0007
239,SMD_BI_RFC,8,0.0007
240,SMD_RFC,8,0.0007
241,SOLMAN_ADMIN,8,0.0007
242,SOLMAN_BTC,8,0.0007
243,TMSADM,8,0.0007
244,VENDÉG,8,0.0007
245,XMI_DEMO,8,0.0007
246,ГОСТЬ,8,0.0007
247,23,7,0.0006
248,3,7,0.0006
249,3XADMIN,7,0.0006
250,6,7,0.0006
251,7,7,0.0006
252,\BG강??GUEST,7,0.0006
253,ACC2,7,0.0006
254,ACCOUNTANT,7,0.0006
255,ACCOUNTS,7,0.0006
256,ADMIN123,7,0.0006
257,ADMIN24,7,0.0006
258,ADMIN801,7,0.0006
259,ADMINISRATOR,7,0.0006
260,ADMINISTRATAR,7,0.0006
261,ADMINN,7,0.0006
262,ADMINSTRATOR,7,0.0006
263,ADMINSYS,7,0.0006
264,ADMINX,7,0.0006
265,ADMINXY,7,0.0006
266,AFUI1!,7,0.0006
267,ALINE,7,0.0006
268,ALPHAERP,7,0.0006
269,ALTATECH,7,0.0006
270,ASAS,7,0.0006
271,ATELIER,7,0.0006
272,ATENDIMENTO,7,0.0006
273,AURES,7,0.0006
274,AUTODESKVAULT,7,0.0006
275,BACKUPSVC,7,0.0006
276,BKANUNA,7,0.0006
277,BOTWTV,7,0.0006
278,BRANDON,7,0.0006
279,BVRADMIN,7,0.0006
280,CAJA,7,0.0006
281,CBADMIN,7,0.0006
282,CHPFTP,7,0.0006
283,CLIENT,7,0.0006
284,COMPITS,7,0.0006
285,COMPRAS1,7,0.0006
286,COMPTOIR2,7,0.0006
287,CYG_SERVER,7,0.0006
288,DEFAULTUSER,7,0.0006
289,DEVLINESERVICEUSER,7,0.0006
290,E.AKULICH,7,0.0006
291,E.DYAGTEREVA,7,0.0006
292,E.ISMAILOVA,7,0.0006
293,EXSYS,7,0.0006
294,FABIO,7,0.0006
295,FASTWIND,7,0.0006
296,FD-SERVER,7,0.0006
297,FFTTP,7,0.0006
298,FILIPE,7,0.0006
299,FTP$,7,0.0006
300,FUELDISP,7,0.0006
301,HP03,7,0.0006
302,IESYS,7,0.0006
303,IEUSER,7,0.0006
304,IFXADMIN,7,0.0006
305,ILS_ANONYMOUS_USER,7,0.0006
306,INTRANET,7,0.0006
307,ITADM,7,0.0006
308,JOHN,7,0.0006
309,JUNIOR,7,0.0006
310,K8H3D,7,0.0006
311,KZQO,7,0.0006
312,L.MONAHOVA,7,0.0006
313,LABORATORIO,7,0.0006
314,LB,7,0.0006
315,LIMITED,7,0.0006
316,LINHAVERDE,7,0.0006
317,LOOMIS,7,0.0006
318,MA,7,0.0006
319,MARCOS,7,0.0006
320,MARKETADMIN,7,0.0006
321,MC,7,0.0006
322,MEDICOS,7,0.0006
323,MEKNES_HB,7,0.0006
324,MS,7,0.0006
325,MSSQLSERVER,7,0.0006
326,NETWORK.SERVER,7,0.0006
327,O.MAZUR,7,0.0006
328,O.SHURINA,7,0.0006
329,OSBIT,7,0.0006
330,OSSUSER,7,0.0006
331,PC2,7,0.0006
332,PRINTER,7,0.0006
333,PRODUCTION,7,0.0006
334,PS,7,0.0006
335,Q34005,7,0.0006
336,QA,7,0.0006
337,QBPOSDBSRVUSER,7,0.0006
338,R365,7,0.0006
339,RD,7,0.0006
340,RE,7,0.0006
341,REMOTE1,7,0.0006
342,REMOTE2,7,0.0006
343,REMOTE5,7,0.0006
344,REMOTELIKAR1,7,0.0006
345,ROBERT,7,0.0006
346,SA,7,0.0006
347,SC,7,0.0006
348,SD,7,0.0006
349,SGSMARTMAIL,7,0.0006
350,SIDEXIS4SERVICE,7,0.0006
351,ST,7,0.0006
352,STAGIAIRE,7,0.0006
353,SUPPORT1,7,0.0006
354,SUPPORTESE,7,0.0006
355,TEST1,7,0.0006
356,TESTADMIN,7,0.0006
357,TESTUSER2,7,0.0006
358,TONY,7,0.0006
359,TOSHIBA,7,0.0006
360,TV,7,0.0006
361,USER01,7,0.0006
362,USER4,7,0.0006
363,USER5,7,0.0006
364,USERADM,7,0.0006
365,UTENTE,7,0.0006
366,VBRRDP,7,0.0006
367,VC,7,0.0006
368,VENTAS1,7,0.0006
369,VP,7,0.0006
370,VPTIA,7,0.0006
371,VULN,7,0.0006
372,VW,7,0.0006
373,WB,7,0.0006
374,WCFUSER,7,0.0006
375,WINSUPPORT,7,0.0006
376,WM,7,0.0006
377,WPSADMIN,7,0.0006
378,WS,7,0.0006
379,XAFSERVICEACCNT,7,0.0006
380,XCALIBUR_SYSTEM,7,0.0006
381,XLSOFTDBA,7,0.0006
382,Y.TATAROV,7,0.0006
383,ZEISS,7,0.0006
384,ZM,7,0.0006
385,АДМИН,7,0.0006
386,ANDRES,6,0.0005
387,LX,6,0.0005
388,HOUMTIS14@!,5,0.0005
389,X,5,0.0005
390,AA,4,0.0004
391,AB,4,0.0004
392,AC,4,0.0004
393,AD,4,0.0004
394,AE,4,0.0004
395,AF,4,0.0004
396,AG,4,0.0004
397,AH,4,0.0004
398,AI,4,0.0004
399,AJ,4,0.0004
400,AK,4,0.0004
401,AL,4,0.0004
402,AM,4,0.0004
403,AN,4,0.0004
404,AO,4,0.0004
405,AP,4,0.0004
406,AQ,4,0.0004
407,AR,4,0.0004
408,AS,4,0.0004
409,AT,4,0.0004
410,AU,4,0.0004
411,AV,4,0.0004
412,AW,4,0.0004
413,AX,4,0.0004
414,AY,4,0.0004
415,AZ,4,0.0004
416,B,4,0.0004
417,BA,4,0.0004
418,BB,4,0.0004
419,BC,4,0.0004
420,BD,4,0.0004
421,BE,4,0.0004
422,BF,4,0.0004
423,BG,4,0.0004
424,BH,4,0.0004
425,BI,4,0.0004
426,BJ,4,0.0004
427,BK,4,0.0004
428,BL,4,0.0004
429,BM,4,0.0004
430,BN,4,0.0004
431,BO,4,0.0004
432,BP,4,0.0004
433,BQ,4,0.0004
434,BR,4,0.0004
435,BS,4,0.0004
436,BT,4,0.0004
437,BU,4,0.0004
438,BV,4,0.0004
439,BW,4,0.0004
440,BX,4,0.0004
441,BY,4,0.0004
442,BZ,4,0.0004
443,C,4,0.0004
444,CA,4,0.0004
445,CB,4,0.0004
446,CC,4,0.0004
447,CD,4,0.0004
448,CE,4,0.0004
449,CF,4,0.0004
450,CG,4,0.0004
451,CH,4,0.0004
452,CI,4,0.0004
453,CJ,4,0.0004
454,CK,4,0.0004
455,CL,4,0.0004
456,CM,4,0.0004
457,CN,4,0.0004
458,CO,4,0.0004
459,CP,4,0.0004
460,CQ,4,0.0004
461,CR,4,0.0004
462,CS,4,0.0004
463,CT,4,0.0004
464,CU,4,0.0004
465,CV,4,0.0004
466,CW,4,0.0004
467,CX,4,0.0004
468,CY,4,0.0004
469,CZ,4,0.0004
470,DA,4,0.0004
471,DB,4,0.0004
472,DC,4,0.0004
473,DD,4,0.0004
474,DF,4,0.0004
475,DG,4,0.0004
476,DH,4,0.0004
477,DI,4,0.0004
478,DJ,4,0.0004
479,DK,4,0.0004
480,DL,4,0.0004
481,DM,4,0.0004
482,DN,4,0.0004
483,DO,4,0.0004
484,DP,4,0.0004
485,DQ,4,0.0004
486,DR,4,0.0004
487,DS,4,0.0004
488,DU,4,0.0004
489,DV,4,0.0004
490,DW,4,0.0004
491,DX,4,0.0004
492,DY,4,0.0004
493,DZ,4,0.0004
494,E,4,0.0004
495,EA,4,0.0004
496,EB,4,0.0004
497,EC,4,0.0004
498,ED,4,0.0004
499,EE,4,0.0004
500,EF,4,0.0004
501,EG,4,0.0004
502,EH,4,0.0004
503,EI,4,0.0004
504,EJ,4,0.0004
505,EK,4,0.0004
506,EL,4,0.0004
507,EM,4,0.0004
508,EN,4,0.0004
509,EO,4,0.0004
510,EP,4,0.0004
511,EQ,4,0.0004
512,ER,4,0.0004
513,ES,4,0.0004
514,ET,4,0.0004
515,EU,4,0.0004
516,EV,4,0.0004
517,EW,4,0.0004
518,EX,4,0.0004
519,EY,4,0.0004
520,EZ,4,0.0004
521,F,4,0.0004
522,FA,4,0.0004
523,FB,4,0.0004
524,FC,4,0.0004
525,FD,4,0.0004
526,FE,4,0.0004
527,FF,4,0.0004
528,FG,4,0.0004
529,FH,4,0.0004
530,FI,4,0.0004
531,FJ,4,0.0004
532,FK,4,0.0004
533,FL,4,0.0004
534,FM,4,0.0004
535,FN,4,0.0004
536,FO,4,0.0004
537,FP,4,0.0004
538,FQ,4,0.0004
539,FR,4,0.0004
540,FS,4,0.0004
541,FT,4,0.0004
542,FU,4,0.0004
543,FV,4,0.0004
544,FW,4,0.0004
545,FX,4,0.0004
546,FY,4,0.0004
547,FZ,4,0.0004
548,GA,4,0.0004
549,GB,4,0.0004
550,GC,4,0.0004
551,GD,4,0.0004
552,GE,4,0.0004
553,GF,4,0.0004
554,GG,4,0.0004
555,GH,4,0.0004
556,GI,4,0.0004
557,GJ,4,0.0004
558,GK,4,0.0004
559,GL,4,0.0004
560,GM,4,0.0004
561,GN,4,0.0004
562,GO,4,0.0004
563,GP,4,0.0004
564,GQ,4,0.0004
565,GR,4,0.0004
566,GS,4,0.0004
567,GT,4,0.0004
568,GU,4,0.0004
569,GV,4,0.0004
570,GW,4,0.0004
571,GX,4,0.0004
572,GY,4,0.0004
573,GZ,4,0.0004
574,H,4,0.0004
575,HA,4,0.0004
576,HB,4,0.0004
577,HC,4,0.0004
578,HD,4,0.0004
579,HE,4,0.0004
580,HF,4,0.0004
581,HG,4,0.0004
582,HH,4,0.0004
583,HI,4,0.0004
584,HJ,4,0.0004
585,HK,4,0.0004
586,HL,4,0.0004
587,HM,4,0.0004
588,HN,4,0.0004
589,HO,4,0.0004
590,HQ,4,0.0004
591,HS,4,0.0004
592,HT,4,0.0004
593,HU,4,0.0004
594,HV,4,0.0004
595,HW,4,0.0004
596,HX,4,0.0004
597,HY,4,0.0004
598,HZ,4,0.0004
599,I,4,0.0004
600,IA,4,0.0004
601,IB,4,0.0004
602,IC,4,0.0004
603,ID,4,0.0004
604,IE,4,0.0004
605,IF,4,0.0004
606,IG,4,0.0004
607,IH,4,0.0004
608,II,4,0.0004
609,IJ,4,0.0004
610,IK,4,0.0004
611,IL,4,0.0004
612,IM,4,0.0004
613,IN,4,0.0004
614,IO,4,0.0004
615,IP,4,0.0004
616,IQ,4,0.0004
617,IR,4,0.0004
618,IS,4,0.0004
619,IU,4,0.0004
620,IV,4,0.0004
621,IW,4,0.0004
622,IX,4,0.0004
623,IY,4,0.0004
624,IZ,4,0.0004
625,J,4,0.0004
626,JA,4,0.0004
627,JB,4,0.0004
628,JC,4,0.0004
629,JD,4,0.0004
630,JE,4,0.0004
631,JF,4,0.0004
632,JG,4,0.0004
633,JH,4,0.0004
634,JI,4,0.0004
635,JJ,4,0.0004
636,JK,4,0.0004
637,JL,4,0.0004
638,JM,4,0.0004
639,JN,4,0.0004
640,JO,4,0.0004
641,JP,4,0.0004
642,JQ,4,0.0004
643,JR,4,0.0004
644,JS,4,0.0004
645,JT,4,0.0004
646,JU,4,0.0004
647,JV,4,0.0004
648,JW,4,0.0004
649,JX,4,0.0004
650,JY,4,0.0004
651,JZ,4,0.0004
652,K,4,0.0004
653,KA,4,0.0004
654,KB,4,0.0004
655,KC,4,0.0004
656,KD,4,0.0004
657,KE,4,0.0004
658,KF,4,0.0004
659,KG,4,0.0004
660,KH,4,0.0004
661,KI,4,0.0004
662,KJ,4,0.0004
663,KK,4,0.0004
664,KM,4,0.0004
665,KN,4,0.0004
666,KO,4,0.0004
667,KP,4,0.0004
668,KQ,4,0.0004
669,KR,4,0.0004
670,KS,4,0.0004
671,KT,4,0.0004
672,KU,4,0.0004
673,KV,4,0.0004
674,KW,4,0.0004
675,KX,4,0.0004
676,KY,4,0.0004
677,KZ,4,0.0004
678,LA,4,0.0004
679,LC,4,0.0004
680,LD,4,0.0004
681,LE,4,0.0004
682,LF,4,0.0004
683,LG,4,0.0004
684,LH,4,0.0004
685,LI,4,0.0004
686,LJ,4,0.0004
687,LK,4,0.0004
688,LL,4,0.0004
689,LM,4,0.0004
690,LN,4,0.0004
691,LO,4,0.0004
692,LP,4,0.0004
693,LQ,4,0.0004
694,LR,4,0.0004
695,LS,4,0.0004
696,LT,4,0.0004
697,LU,4,0.0004
698,LV,4,0.0004
699,LW,4,0.0004
700,LY,4,0.0004
701,LZ,4,0.0004
702,M,4,0.0004
703,MB,4,0.0004
704,MD,4,0.0004
705,ME,4,0.0004
706,MF,4,0.0004
707,MG,4,0.0004
708,MI,4,0.0004
709,MJ,4,0.0004
710,MK,4,0.0004
711,ML,4,0.0004
712,MM,4,0.0004
713,MN,4,0.0004
714,MO,4,0.0004
715,MP,4,0.0004
716,MQ,4,0.0004
717,MR,4,0.0004
718,MT,4,0.0004
719,MU,4,0.0004
720,MV,4,0.0004
721,MW,4,0.0004
722,MX,4,0.0004
723,MY,4,0.0004
724,MZ,4,0.0004
725,N,4,0.0004
726,NA,4,0.0004
727,NB,4,0.0004
728,NC,4,0.0004
729,ND,4,0.0004
730,NE,4,0.0004
731,NF,4,0.0004
732,NG,4,0.0004
733,NH,4,0.0004
734,NI,4,0.0004
735,NJ,4,0.0004
736,NK,4,0.0004
737,NL,4,0.0004
738,NM,4,0.0004
739,NN,4,0.0004
740,NO,4,0.0004
741,NP,4,0.0004
742,NQ,4,0.0004
743,NR,4,0.0004
744,NS,4,0.0004
745,NT,4,0.0004
746,NU,4,0.0004
747,NV,4,0.0004
748,NW,4,0.0004
749,NX,4,0.0004
750,NY,4,0.0004
751,NZ,4,0.0004
752,O,4,0.0004
753,OA,4,0.0004
754,OB,4,0.0004
755,OC,4,0.0004
756,OD,4,0.0004
757,OE,4,0.0004
758,OF,4,0.0004
759,OG,4,0.0004
760,OH,4,0.0004
761,OI,4,0.0004
762,OJ,4,0.0004
763,OK,4,0.0004
764,OL,4,0.0004
765,OM,4,0.0004
766,ON,4,0.0004
767,OO,4,0.0004
768,OQ,4,0.0004
769,OR,4,0.0004
770,OS,4,0.0004
771,OT,4,0.0004
772,OU,4,0.0004
773,OV,4,0.0004
774,OW,4,0.0004
775,OX,4,0.0004
776,OY,4,0.0004
777,OZ,4,0.0004
778,PA,4,0.0004
779,PB,4,0.0004
780,PD,4,0.0004
781,PE,4,0.0004
782,PF,4,0.0004
783,PG,4,0.0004
784,PH,4,0.0004
785,PJ,4,0.0004
786,PK,4,0.0004
787,PL,4,0.0004
788,PM,4,0.0004
789,PN,4,0.0004
790,PO,4,0.0004
791,PP,4,0.0004
792,PQ,4,0.0004
793,PT,4,0.0004
794,PU,4,0.0004
795,PUBLIC,4,0.0004
796,PV,4,0.0004
797,PW,4,0.0004
798,PX,4,0.0004
799,PY,4,0.0004
800,PZ,4,0.0004
801,Q,4,0.0004
802,QB,4,0.0004
803,QC,4,0.0004
804,QD,4,0.0004
805,QE,4,0.0004
806,QF,4,0.0004
807,QG,4,0.0004
808,QH,4,0.0004
809,QI,4,0.0004
810,QJ,4,0.0004
811,QK,4,0.0004
812,QL,4,0.0004
813,QM,4,0.0004
814,QN,4,0.0004
815,QO,4,0.0004
816,QP,4,0.0004
817,QQ,4,0.0004
818,QR,4,0.0004
819,QS,4,0.0004
820,QT,4,0.0004
821,QU,4,0.0004
822,QV,4,0.0004
823,QW,4,0.0004
824,QX,4,0.0004
825,QY,4,0.0004
826,QZ,4,0.0004
827,R,4,0.0004
828,RA,4,0.0004
829,RB,4,0.0004
830,RC,4,0.0004
831,RF,4,0.0004
832,RG,4,0.0004
833,RH,4,0.0004
834,RI,4,0.0004
835,RJ,4,0.0004
836,RK,4,0.0004
837,RL,4,0.0004
838,RM,4,0.0004
839,RN,4,0.0004
840,RO,4,0.0004
841,RP,4,0.0004
842,RQ,4,0.0004
843,RR,4,0.0004
844,RS,4,0.0004
845,RT,4,0.0004
846,RU,4,0.0004
847,RV,4,0.0004
848,RW,4,0.0004
849,RX,4,0.0004
850,RY,4,0.0004
851,RZ,4,0.0004
852,S,4,0.0004
853,SB,4,0.0004
854,SE,4,0.0004
855,SETUP,4,0.0004
856,SF,4,0.0004
857,SH,4,0.0004
858,SHARE,4,0.0004
859,SI,4,0.0004
860,SJ,4,0.0004
861,SK,4,0.0004
862,SL,4,0.0004
863,SM,4,0.0004
864,SN,4,0.0004
865,SO,4,0.0004
866,SP,4,0.0004
867,SQ,4,0.0004
868,SR,4,0.0004
869,SS,4,0.0004
870,STUDENT,4,0.0004
871,SU,4,0.0004
872,SV,4,0.0004
873,SW,4,0.0004
874,SX,4,0.0004
875,SY,4,0.0004
876,SZ,4,0.0004
877,T,4,0.0004
878,TA,4,0.0004
879,TB,4,0.0004
880,TC,4,0.0004
881,TD,4,0.0004
882,TE,4,0.0004
883,TF,4,0.0004
884,TG,4,0.0004
885,TH,4,0.0004
886,TI,4,0.0004
887,TJ,4,0.0004
888,TK,4,0.0004
889,TL,4,0.0004
890,TM,4,0.0004
891,TN,4,0.0004
892,TO,4,0.0004
893,TP,4,0.0004
894,TQ,4,0.0004
895,TR,4,0.0004
896,TS,4,0.0004
897,TT,4,0.0004
898,TU,4,0.0004
899,TW,4,0.0004
900,TX,4,0.0004
901,TY,4,0.0004
902,TZ,4,0.0004
903,U,4,0.0004
904,UA,4,0.0004
905,UB,4,0.0004
906,UC,4,0.0004
907,UD,4,0.0004
908,UE,4,0.0004
909,UF,4,0.0004
910,UG,4,0.0004
911,UH,4,0.0004
912,UI,4,0.0004
913,UJ,4,0.0004
914,UK,4,0.0004
915,UL,4,0.0004
916,UM,4,0.0004
917,UN,4,0.0004
918,UO,4,0.0004
919,UP,4,0.0004
920,UQ,4,0.0004
921,UR,4,0.0004
922,US,4,0.0004
923,UT,4,0.0004
924,UU,4,0.0004
925,UV,4,0.0004
926,UW,4,0.0004
927,UX,4,0.0004
928,UY,4,0.0004
929,UZ,4,0.0004
930,V,4,0.0004
931,VA,4,0.0004
932,VB,4,0.0004
933,VD,4,0.0004
934,VE,4,0.0004
935,VF,4,0.0004
936,VG,4,0.0004
937,VH,4,0.0004
938,VI,4,0.0004
939,VJ,4,0.0004
940,VK,4,0.0004
941,VL,4,0.0004
942,VM,4,0.0004
943,VN,4,0.0004
944,VO,4,0.0004
945,VQ,4,0.0004
946,VR,4,0.0004
947,VS,4,0.0004
948,VT,4,0.0004
949,VU,4,0.0004
950,VV,4,0.0004
951,VX,4,0.0004
952,VY,4,0.0004
953,VZ,4,0.0004
954,W,4,0.0004
955,WA,4,0.0004
956,WC,4,0.0004
957,WD,4,0.0004
958,WE,4,0.0004
959,WF,4,0.0004
960,WG,4,0.0004
961,WH,4,0.0004
962,WI,4,0.0004
963,WJ,4,0.0004
964,WK,4,0.0004
965,WL,4,0.0004
966,WN,4,0.0004
967,WO,4,0.0004
968,WP,4,0.0004
969,WQ,4,0.0004
970,WR,4,0.0004
971,WT,4,0.0004
972,WU,4,0.0004
973,WV,4,0.0004
974,WW,4,0.0004
975,WX,4,0.0004
976,WY,4,0.0004
977,WZ,4,0.0004
978,XA,4,0.0004
979,XB,4,0.0004
980,XC,4,0.0004
981,XD,4,0.0004
982,XE,4,0.0004
983,XF,4,0.0004
984,XG,4,0.0004
985,XH,4,0.0004
986,XI,4,0.0004
987,XJ,4,0.0004
988,XK,4,0.0004
989,XL,4,0.0004
990,XM,4,0.0004
991,XN,4,0.0004
992,XO,4,0.0004
993,XP,4,0.0004
994,XQ,4,0.0004
995,XR,4,0.0004
996,XS,4,0.0004
997,XT,4,0.0004
998,XU,4,0.0004
999,XV,4,0.0004
1000,XW,4,0.0004
1001,XX,4,0.0004
1002,XY,4,0.0004
1003,XZ,4,0.0004
1004,Y,4,0.0004
1005,YA,4,0.0004
1006,YB,4,0.0004
1007,YC,4,0.0004
1008,YD,4,0.0004
1009,YE,4,0.0004
1010,YF,4,0.0004
1011,YG,4,0.0004
1012,YH,4,0.0004
1013,YI,4,0.0004
1014,YJ,4,0.0004
1015,YK,4,0.0004
1016,YL,4,0.0004
1017,YM,4,0.0004
1018,YN,4,0.0004
1019,YO,4,0.0004
1020,YP,4,0.0004
1021,YQ,4,0.0004
1022,YR,4,0.0004
1023,YS,4,0.0004
1024,YT,4,0.0004
1025,YU,4,0.0004
1026,YV,4,0.0004
1027,YW,4,0.0004
1028,YX,4,0.0004
1029,YZ,4,0.0004
1030,ZA,4,0.0004
1031,ZB,4,0.0004
1032,ZC,4,0.0004
1033,ZD,4,0.0004
1034,ZE,4,0.0004
1035,ZF,4,0.0004
1036,ZG,4,0.0004
1037,ZH,4,0.0004
1038,ZI,4,0.0004
1039,ZJ,4,0.0004
1040,ZK,4,0.0004
1041,ZL,4,0.0004
1042,ZN,4,0.0004
1043,ZO,4,0.0004
1044,ZP,4,0.0004
1045,ZQ,4,0.0004
1046,ZR,4,0.0004
1047,ZS,4,0.0004
1048,ZT,4,0.0004
1049,ZU,4,0.0004
1050,ZV,4,0.0004
1051,ZW,4,0.0004
1052,ZX,4,0.0004
1053,ZY,4,0.0004
1054,ZZ,4,0.0004
1055,666,3,0.0003
1056,Guest,3,0.0003
1057,LAPTOP,3,0.0003
1058,LIBRARY,3,0.0003
1059,LINDA,3,0.0003
1060,LINK,3,0.0003
1061,LISA,3,0.0003
1062,MACHINE,3,0.0003
1063,MAIL,3,0.0003
1064,MAILTEST,3,0.0003
1065,MAINTENANCE,3,0.0003
1066,MARC,3,0.0003
1067,MARK,3,0.0003
1068,MARKETING,3,0.0003
1069,MARTIN,3,0.0003
1070,MARY,3,0.0003
1071,MATRIX,3,0.0003
1072,MATTHIAS,3,0.0003
1073,MAURER,3,0.0003
1074,MEDIA,3,0.0003
1075,MEDICAL,3,0.0003
1076,MEYER,3,0.0003
1077,MICHELLE,3,0.0003
1078,MICROS,3,0.0003
1079,MIKE,3,0.0003
1080,MODEM,3,0.0003
1081,MONIKA,3,0.0003
1082,MONITOR,3,0.0003
1083,MORGAN,3,0.0003
1084,MUSIC,3,0.0003
1085,NATALIA,3,0.0003
1086,NATALIE,3,0.0003
1087,NEEDLES,3,0.0003
1088,NEIL,3,0.0003
1089,NELSON,3,0.0003
1090,NICO,3,0.0003
1091,NICOLE,3,0.0003
1092,NORMAN,3,0.0003
1093,NURSE,3,0.0003
1094,OASIS,3,0.0003
1095,OFFICE1,3,0.0003
1096,OFFICE2,3,0.0003
1097,OFFICER,3,0.0003
1098,OMAR,3,0.0003
1099,OP1,3,0.0003
1100,OP2,3,0.0003
1101,OROJAS,3,0.0003
1102,ORTHO,3,0.0003
1103,OSAMA,3,0.0003
1104,OWNER,3,0.0003
1105,PARTS,3,0.0003
1106,PATRICE,3,0.0003
1107,PATRICIA,3,0.0003
1108,PATROL,3,0.0003
1109,PATTY,3,0.0003
1110,PAUL,3,0.0003
1111,PAULA,3,0.0003
1112,PEDIDOS,3,0.0003
1113,PEGGY,3,0.0003
1114,PETER,3,0.0003
1115,PHONE,3,0.0003
1116,POLICE,3,0.0003
1117,PORTAL,3,0.0003
1118,PORTATIL,3,0.0003
1119,POS1,3,0.0003
1120,POS2,3,0.0003
1121,POSTMASTER,3,0.0003
1122,PRESIDENT,3,0.0003
1123,PRESS,3,0.0003
1124,PRINT,3,0.0003
1125,PROD,3,0.0003
1126,PROJECTOR,3,0.0003
1127,PURCHASING,3,0.0003
1128,RACZ,3,0.0003
1129,RECEIVING,3,0.0003
1130,RECEPCION,3,0.0003
1131,RECEPTION,3,0.0003
1132,RECEPTIONIST,3,0.0003
1133,REKR,3,0.0003
1134,REPORTS,3,0.0003
1135,RESTORE,3,0.0003
1136,RICHARD,3,0.0003
1137,RICOH,3,0.0003
1138,RIESEL,3,0.0003
1139,ROGER,3,0.0003
1140,ROOM1,3,0.0003
1141,SABINE,3,0.0003
1142,SAGE,3,0.0003
1143,SALES,3,0.0003
1144,SALES2,3,0.0003
1145,SALIDAS,3,0.0003
1146,SAMSUNG,3,0.0003
1147,SANDRA,3,0.0003
1148,SANDY,3,0.0003
1149,SAVIN,3,0.0003
1150,SCHIEBL,3,0.0003
1151,SCHLEUSS,3,0.0003
1152,SCHNEIDER,3,0.0003
1153,SCOTT,3,0.0003
1154,SECRETARIA,3,0.0003
1155,SHANE,3,0.0003
1156,SHARED,3,0.0003
1157,SHAREPOINT,3,0.0003
1158,SHARP,3,0.0003
1159,SHEILA,3,0.0003
1160,SHELLY,3,0.0003
1161,SHOP,3,0.0003
1162,SHOP1,3,0.0003
1163,SHORTCUTS,3,0.0003
1164,SHOWROOM,3,0.0003
1165,SIEMENS,3,0.0003
1166,SIMON,3,0.0003
1167,SISTEMA,3,0.0003
1168,SMART,3,0.0003
1169,SMILE,3,0.0003
1170,SOCIAL,3,0.0003
1171,SONIA,3,0.0003
1172,SPAM,3,0.0003
1173,SPARE,3,0.0003
1174,SPICEWORKS,3,0.0003
1175,SPSEARCH,3,0.0003
1176,SQLSERVICE,3,0.0003
1177,SQLUSER,3,0.0003
1178,STAFF,3,0.0003
1179,STANDARD,3,0.0003
1180,STATION,3,0.0003
1181,STATION4,3,0.0003
1182,STEVE,3,0.0003
1183,STORE,3,0.0003
1184,STUDENT1,3,0.0003
1185,SUNSHINE,3,0.0003
1186,SUPORTE,3,0.0003
1187,SUSAN,3,0.0003
1188,SYMANTEC,3,0.0003
1189,TABLET,3,0.0003
1190,TECH,3,0.0003
1191,TECHNICIAN,3,0.0003
1192,TECNICO,3,0.0003
1193,TEMPADMIN,3,0.0003
1194,TERRY,3,0.0003
1195,THERESA,3,0.0003
1196,THIERRY,3,0.0003
1197,THORSTEN,3,0.0003
1198,TIMECLOCK,3,0.0003
1199,TINA,3,0.0003
1200,TOBY,3,0.0003
1201,TOMCAT,3,0.0003
1202,TORSTEN,3,0.0003
1203,TOUCH,3,0.0003
1204,TRAINING,3,0.0003
1205,TRANSFER,3,0.0003
1206,UPDATE,3,0.0003
1207,UTILIZADOR,3,0.0003
1208,VALERIE,3,0.0003
1209,VENDAS,3,0.0003
1210,VERITAS,3,0.0003
1211,VERONICA,3,0.0003
1212,VICKY,3,0.0003
1213,VICTOR,3,0.0003
1214,VIGILANCIA,3,0.0003
1215,VISITANTE,3,0.0003
1216,VISITOR,3,0.0003
1217,VIVIANE,3,0.0003
1218,VLAD,3,0.0003
1219,VMWARE,3,0.0003
1220,VOICEMAIL,3,0.0003
1221,VOLUNTEER,3,0.0003
1222,VPNTEST,3,0.0003
1223,WAREHOUSE,3,0.0003
1224,WASHINGTON,3,0.0003
1225,WEBCAM,3,0.0003
1226,WEBER,3,0.0003
1227,WEBMASTER,3,0.0003
1228,WEBSERVICE,3,0.0003
1229,WEBUSER,3,0.0003
1230,WELCOME,3,0.0003
1231,WENDY,3,0.0003
1232,WILSON,3,0.0003
1233,WKRADAR,3,0.0003
1234,WOLFGANG,3,0.0003
1235,WORKSTATION,3,0.0003
1236,WS1,3,0.0003
1237,WS2,3,0.0003
1238,WS3,3,0.0003
1239,WYSE,3,0.0003
1240,XEROX,3,0.0003
1241,XRAY,3,0.0003
1242,ZANTHUS,3,0.0003
1243,ABCD,2,0.0002
1244,admin,2,0.0002
1245,ADMINI,2,0.0002
1246,AMMINISTRATORE,2,0.0002
1247,HStoreRDP,2,0.0002
1248,HUNG,2,0.0002
1249,PR,2,0.0002
1250,SG,2,0.0002
1251,sys,2,0.0002
1252,systemas,2,0.0002
1253,гость,2,0.0002
1254,001,1,0.0001
1255,123,1,0.0001
1256,888,1,0.0001
1257,AAAA,1,0.0001
1258,ACHAO,1,0.0001
1259,ACRONIS,1,0.0001
1260,ADMINISTRACION,1,0.0001
1261,AECO_PC7,1,0.0001
1262,AKHIL,1,0.0001
1263,ALISON,1,0.0001
1264,ANDROID,1,0.0001
1265,ATENDI_02,1,0.0001
1266,AUTOCAD,1,0.0001
1267,BAIRAGI,1,0.0001
1268,BIZ-ELO,1,0.0001
1269,BRYAN,1,0.0001
1270,CANGKU,1,0.0001
1271,CARLOS,1,0.0001
1272,CCNEW,1,0.0001
1273,CODI,1,0.0001
1274,CPPC,1,0.0001
1275,CROFT,1,0.0001
1276,ELSABE,1,0.0001
1277,ENERGY,1,0.0001
1278,ESTACAO,1,0.0001
1279,EVALUACIONES,1,0.0001
1280,FLUSHTRUCK,1,0.0001
1281,FRONTEIRA,1,0.0001
1282,FTP78,1,0.0001
1283,FTPTEST,1,0.0001
1284,GAMER,1,0.0001
1285,GARAGE,1,0.0001
1286,GERENTE,1,0.0001
1287,GHOST,1,0.0001
1288,GUARD,1,0.0001
1289,HELIOS,1,0.0001
1290,HUAMER,1,0.0001
1291,IIS_IMEI,1,0.0001
1292,IME_ADMIN,1,0.0001
1293,INDER-1,1,0.0001
1294,ISSUPPORT,1,0.0001
1295,JPS1,1,0.0001
1296,JPS2,1,0.0001
1297,JULIE,1,0.0001
1298,KASSA,1,0.0001
1299,KK789,1,0.0001
1300,KOBKAEW,1,0.0001
1301,LCLCLC1,1,0.0001
1302,LIANGYUXI,1,0.0001
1303,MAXO,1,0.0001
1304,MEDIALINK,1,0.0001
1305,MIKI,1,0.0001
1306,MITESH,1,0.0001
1307,MQUSER,1,0.0001
1308,ONEDRIVE,1,0.0001
1309,PCHIZHOVA,1,0.0001
1310,PHONIX,1,0.0001
1311,POSTER,1,0.0001
1312,READ,1,0.0001
1313,RECEPCAO,1,0.0001
1314,RELIANCE,1,0.0001
1315,SCALE,1,0.0001
1316,SCNXADMIN,1,0.0001
1317,SHENLM,1,0.0001
1318,SSSS,1,0.0001
1319,STPW,1,0.0001
1320,TEMTEM,1,0.0001
1321,TESTFTP,1,0.0001
1322,TRIPLE,1,0.0001
1323,UMESHMANE,1,0.0001
1324,USA333,1,0.0001
1325,WAYCOM,1,0.0001
1326,YYKK178,1,0.0001
1327,ZZ812366,1,0.0001
