username,attempts
"ADMINISTRATOR",48787
"ADMIN",6152
"USER",3419
"SERVER",602
"administrator",158
"TEST",120
"administrador",116
"administrateur",116
"server",116
"serveur",116
"servidor",116
"DELL",110
"ROOT",105
"SCANNER",102
"SUPPORT",101
"SYSTEM32",101
"BACKUP",99
"PC",99
"SCAN",99
"1",98
"COMPUTER",98
"DEMO",98
"MANAGER",98
"MYPC",98
"OFFICE",98
"SYSTEM",98
"TEMP",98
"HOME",97
"NAS",97
"STUDIO",97
"WALLET",97
"WINDOWS",97
"WORK",97
"XEON",97
"GUEST",63
"ADMINISTRADOR",39
"MIA",22
"АДМИНИСТРАТОР",22
"ISLA",18
"LILY",18
"DEFAULTACCOUNT",16
"EMMA",15
"GRACE",15
"LEO",15
"REMOTE",15
"SOPHIE",15
"A",13
"JACOB",13
"LENOVO",13
"LOGAN",12
"MASON",12
"SYS",12
"THEO",12
"ALFIE",11
"ARCHIE",11
"CLOUDBASE-ADMIN",11
"EVA",11
"OLIVIA",11
"ELLA",9
"NOAH",9
"AMELIA",8
"ARTHUR",8
"AVA",8
"CHLOE",8
"ETHAN",8
"FREDDIE",8
"FREYA",8
"GEORGE",8
"HARRY",8
"JACK",8
"LUCAS",8
"SIENNA",8
"THOMAS",8
"WILLIAM",8
"ADMIN2",7
"ADMINISTRATEUR",7
"ALICE",7
"CHARLOTTE",7
"DAISY",7
"FINN",7
"IVY",7
"JUDE",7
"POPPY",7
"RUBY",7
"MH",6
"NEWUSER2",6
"SYSTEMAS",6
"SYSTEME",6
"USER1",6
"ALBIE",5
"CHARLIE",5
"DB2ADMIN",5
"FINLEY",5
"HENRY",5
"JAMES",5
"OLIVER",5
"OSCAR",5
"Test",5
"USUARIO",5
"ПОЛЬЗОВАТЕЛЬ",5
"ADELAIDE",4
"ALEXANDER",4
"AMY",4
"ASPNET",4
"BENJAMIN",4
"BETH",4
"CALEB",4
"CHARLES",4
"CLARA",4
"DANIEL",4
"EDEN",4
"ELARA",4
"ELIZA",4
"EMILY",4
"ESME",4
"EVIE",4
"FLORENCE",4
"GEORGIA",4
"HANNAH",4
"HARRIET",4
"HARRISON",4
"HEIDI",4
"ISABELLA",4
"JACKSON",4
"JESSICA",4
"JORDAN",4
"JOSEPH",4
"LAURA",4
"LIAM",4
"LUCY",4
"LUNA",4
"MABEL",4
"MATILDA",4
"MAYA",4
"MEGAN",4
"MILLE",4
"MOLLY",4
"OLDADMINISTRATOR",4
"OLIVE",4
"PHOEBE",4
"POSTGRES",4
"ROSIE",4
"RYAN",4
"SAMUEL",4
"SERVICES",4
"SOPHIA",4
"TESTUSER",4
"WILLOW",4
"ADMIN1",3
"ADMINS",3
"ANHBA",3
"ARLO",3
"AXEL",3
"CAMPAIGNS",3
"CONVIDADO",3
"GOŚĆ",3
"H1DD3NADM1N",3
"HOST3A0",3
"HSTORERDP",3
"INVIT",3
"INVITADO",3
"INVITÉ",3
"MASTER",3
"MOHAMED",3
"NEWUSER",3
"OPENPGSVC",3
"OTTO",3
"RAFE",3
"ROSE",3
"SYSADMIN",3
"SYSTEM16",3
"VENDÉG",3
"WDAGUTILITYACCOUNT",3
"WDAGUTILITYACCOUNTS",3
"WINDOWS32",3
"ГОСТЬ",3
"ADM",2
"BGSYSTEM",2
"FTPUSER",2
"INFORMIX",2
"IRFAN",2
"KBTGT",2
"LOGMEINREMOTEUSER",2
"MARIA",2
"PRAXIS",2
"SYSTEMS",2
"TESTE",2
"USER3",2
"VHOST",2
"XXS",2
"23",1
"3",1
"3XADMIN",1
"6",1
"7",1
"\BG강??GUEST",1
"ACC2",1
"ACCOUNT",1
"ACCOUNTANT",1
"ACCOUNTS",1
"ADMIN123",1
"ADMIN24",1
"ADMIN801",1
"ADMINISRATOR",1
"ADMINISTRATAR",1
"ADMINN",1
"ADMINSTRATOR",1
"ADMINSYS",1
"ADMINX",1
"ADMINXY",1
"AFUI1!",1
"ALINE",1
"ALMOXARIFADO",1
"ALPHAERP",1
"ALTATECH",1
"ANA",1
"ATELIER",1
"ATENDIMENTO",1
"AURES",1
"AUTODESKVAULT",1
"BACKUPSVC",1
"BJIS",1
"BKANUNA",1
"BOTWTV",1
"BRANDON",1
"BVRADMIN",1
"CAJA",1
"CBADMIN",1
"CHPFTP",1
"CLIENT",1
"COMPITS",1
"COMPRAS",1
"COMPRAS1",1
"COMPTOIR2",1
"CYG_SERVER",1
"DBUSER",1
"DEFAULTUSER",1
"DEVLINESERVICEUSER",1
"DRD",1
"E.AKULICH",1
"E.DYAGTEREVA",1
"E.ISMAILOVA",1
"EXSYS",1
"FABIO",1
"FASTWIND",1
"FAX",1
"FD-SERVER",1
"FFTTP",1
"FILIPE",1
"FTP$",1
"FUELDISP",1
"HP03",1
"HR",1
"IESYS",1
"IEUSER",1
"IFXADMIN",1
"ILS_ANONYMOUS_USER",1
"INFO",1
"INTRANET",1
"ITADM",1
"JOHN",1
"JUNIOR",1
"K8H3D",1
"KRBRTGT",1
"KZQO",1
"L.MONAHOVA",1
"LABORATORIO",1
"LIMITED",1
"LINHAVERDE",1
"LOCALADMIN",1
"LOOMIS",1
"MARCOS",1
"MARKETADMIN",1
"MEDICOS",1
"MEKNES_HB",1
"MICHELE",1
"MSSQLSERVER",1
"NEGOZIO5",1
"NETWORK.SERVER",1
"NICK",1
"O.MAZUR",1
"O.SHURINA",1
"OSBIT",1
"OSSUSER",1
"PC2",1
"PLS",1
"PRINTER",1
"PRODUCTION",1
"Q34005",1
"QBPOSDBSRVUSER",1
"R365",1
"RDP",1
"REMOTE1",1
"REMOTE2",1
"REMOTE5",1
"REMOTELIKAR1",1
"ROBERT",1
"SADRAQUE",1
"SGSMARTMAIL",1
"SHIPPING",1
"SIDEXIS4SERVICE",1
"SQLADMIN",1
"STAGIAIRE",1
"SUPPORT1",1
"SUPPORTESE",1
"TERMINAL",1
"TEST1",1
"TESTADMIN",1
"TESTUSER2",1
"TONY",1
"TOSHIBA",1
"USER01",1
"USER4",1
"USER5",1
"USERADM",1
"UTENTE",1
"VAGRANT",1
"VBRRDP",1
"VENTAS1",1
"VIDEO",1
"VPTIA",1
"VULN",1
"WCFUSER",1
"WINSUPPORT",1
"WPSADMIN",1
"XAFSERVICEACCNT",1
"XCALIBUR_SYSTEM",1
"XLSOFTDBA",1
"Y.TATAROV",1
"YY",1
"Z",1
"ZEISS",1
"АДМИН",1
